id,created_at,updated_at,cart_id,inventory_id,offer_id,delivery_fee,is_updated_price,currency,deleted_at
42,2021-01-09 17:42:16.000,2021-01-09 17:42:16.000,41,9,NULL,0.00,0,SGD,NULL
47,2021-01-10 04:29:52.000,2021-01-10 04:29:52.000,50,61,NULL,0.00,0,SGD,NULL
57,2021-01-11 03:13:03.000,2021-01-11 03:13:03.000,63,138,NULL,0.00,0,SGD,NULL
59,2021-01-11 05:59:51.000,2021-01-11 05:59:51.000,67,218,26,0.00,0,SGD,NULL
74,2021-01-11 14:32:07.000,2021-01-11 14:32:07.000,80,388,NULL,0.00,0,SGD,NULL
80,2021-01-12 10:12:54.000,2021-01-12 10:12:54.000,87,472,NULL,0.00,0,SGD,NULL
81,2021-01-12 10:13:55.000,2021-01-12 10:13:55.000,86,137,NULL,0.00,0,SGD,NULL
82,2021-01-12 10:14:39.000,2021-01-12 10:14:39.000,87,208,NULL,0.00,0,SGD,NULL
90,2021-01-14 02:53:12.000,2021-01-14 02:53:12.000,100,182,NULL,0.00,0,SGD,NULL
91,2021-01-14 02:53:33.000,2021-01-14 02:53:33.000,100,532,NULL,0.00,0,SGD,NULL
96,2021-01-14 08:18:23.000,2021-01-14 08:18:23.000,105,294,NULL,0.00,0,SGD,NULL
97,2021-01-14 08:19:23.000,2021-01-14 08:19:23.000,106,482,NULL,0.00,0,SGD,NULL
110,2021-01-15 06:28:42.000,2021-01-15 06:28:42.000,114,541,NULL,0.00,0,SGD,NULL
115,2021-01-15 15:00:34.000,2021-01-15 15:00:34.000,125,10,NULL,0.00,0,SGD,NULL
116,2021-01-15 15:51:50.000,2021-01-15 15:51:50.000,126,87,NULL,0.00,0,SGD,NULL
117,2021-01-15 15:54:20.000,2021-01-15 15:54:20.000,126,138,NULL,0.00,0,SGD,NULL
118,2021-01-15 15:54:30.000,2021-01-15 15:54:30.000,126,546,NULL,0.00,0,SGD,NULL
119,2021-01-15 18:12:50.000,2021-01-15 18:12:50.000,129,162,NULL,0.00,0,SGD,NULL
122,2021-01-16 01:45:24.000,2021-01-16 01:46:09.000,134,543,NULL,150.00,0,SGD,NULL
128,2021-01-16 11:54:34.000,2021-01-16 11:54:34.000,145,563,NULL,0.00,0,SGD,NULL
131,2021-01-16 17:12:19.000,2021-01-16 17:12:19.000,147,546,NULL,0.00,0,SGD,NULL
132,2021-01-16 17:14:02.000,2021-01-16 17:14:02.000,147,451,NULL,0.00,0,SGD,NULL
139,2021-01-17 02:44:18.000,2021-01-17 02:44:18.000,153,463,NULL,0.00,0,SGD,NULL
143,2021-01-17 04:34:30.000,2021-01-17 05:51:33.000,155,215,NULL,300.00,0,SGD,NULL
153,2021-01-17 06:23:41.000,2021-01-17 06:23:41.000,156,146,NULL,0.00,0,SGD,NULL
154,2021-01-17 06:35:32.000,2021-01-17 06:35:32.000,157,256,NULL,0.00,0,SGD,NULL
155,2021-01-17 06:38:07.000,2021-01-17 06:38:07.000,156,512,NULL,0.00,0,SGD,NULL
156,2021-01-17 06:40:03.000,2021-01-17 06:40:03.000,156,533,NULL,0.00,0,SGD,NULL
157,2021-01-17 06:41:03.000,2021-01-17 06:41:03.000,156,117,NULL,0.00,0,SGD,NULL
162,2021-01-17 09:28:42.000,2021-01-17 09:28:42.000,165,431,NULL,0.00,0,SGD,NULL
163,2021-01-17 09:29:10.000,2021-01-17 09:29:10.000,165,415,NULL,0.00,0,SGD,NULL
164,2021-01-17 09:29:48.000,2021-01-17 09:29:48.000,165,67,NULL,0.00,0,SGD,NULL
165,2021-01-17 09:30:48.000,2021-01-17 09:30:48.000,165,258,NULL,0.00,0,SGD,NULL
166,2021-01-17 09:31:39.000,2021-01-17 09:31:39.000,165,575,NULL,0.00,0,SGD,NULL
167,2021-01-17 09:32:58.000,2021-01-17 09:32:58.000,165,272,NULL,0.00,0,SGD,NULL
168,2021-01-17 09:33:16.000,2021-01-17 09:33:16.000,165,451,NULL,0.00,0,SGD,NULL
169,2021-01-17 09:34:05.000,2021-01-17 09:34:05.000,165,136,NULL,0.00,0,SGD,NULL
174,2021-01-17 15:57:20.000,2021-01-17 15:57:20.000,170,414,NULL,0.00,0,SGD,NULL
175,2021-01-17 15:59:51.000,2021-01-17 15:59:51.000,170,234,NULL,0.00,0,SGD,NULL
185,2021-01-18 06:00:35.000,2021-01-18 06:00:35.000,177,307,43,0.00,0,SGD,NULL
187,2021-01-18 08:54:13.000,2021-01-18 08:54:13.000,179,535,NULL,0.00,0,SGD,NULL
190,2021-01-18 12:30:56.000,2021-01-18 12:30:56.000,183,369,NULL,0.00,0,SGD,NULL
194,2021-01-19 00:31:52.000,2021-01-19 00:31:52.000,153,146,NULL,0.00,0,SGD,NULL
196,2021-01-19 04:32:25.000,2021-01-19 04:32:25.000,186,286,NULL,0.00,0,SGD,NULL
197,2021-01-19 06:31:44.000,2021-01-19 06:31:44.000,153,218,NULL,0.00,0,SGD,NULL
198,2021-01-19 09:17:39.000,2021-01-19 09:17:39.000,177,423,NULL,0.00,0,SGD,NULL
199,2021-01-19 16:26:28.000,2021-01-19 16:26:28.000,134,109,NULL,200.00,0,SGD,NULL
200,2021-01-19 16:27:17.000,2021-01-19 16:27:17.000,134,463,NULL,200.00,0,SGD,NULL
204,2021-01-20 15:54:25.000,2021-01-20 15:54:25.000,197,112,NULL,0.00,0,SGD,NULL
210,2021-01-21 13:19:50.000,2021-01-21 13:19:50.000,190,72,NULL,0.00,0,SGD,NULL
215,2021-01-22 08:46:04.000,2021-01-22 08:46:04.000,126,48,NULL,0.00,0,SGD,NULL
220,2021-01-22 17:25:17.000,2021-01-22 17:25:17.000,126,565,NULL,0.00,0,SGD,NULL
221,2021-01-22 17:25:42.000,2021-01-22 17:25:42.000,126,237,NULL,0.00,0,SGD,NULL
222,2021-01-22 17:27:32.000,2021-01-22 17:27:32.000,126,563,NULL,0.00,0,SGD,NULL
224,2021-01-23 04:22:14.000,2021-01-23 04:22:14.000,208,546,NULL,0.00,0,SGD,NULL
226,2021-01-23 06:08:49.000,2021-01-23 06:08:49.000,211,546,NULL,0.00,0,SGD,NULL
234,2021-01-23 09:14:06.000,2021-01-23 09:14:06.000,153,644,NULL,0.00,0,SGD,NULL
235,2021-01-23 11:12:22.000,2021-01-23 11:12:22.000,118,546,NULL,0.00,0,SGD,NULL
236,2021-01-23 12:25:14.000,2021-01-23 12:25:14.000,167,228,NULL,0.00,0,SGD,NULL
241,2021-01-23 14:07:29.000,2021-01-23 14:07:29.000,216,635,NULL,0.00,0,SGD,NULL
245,2021-01-24 01:42:31.000,2021-01-24 01:42:31.000,153,650,NULL,0.00,0,SGD,NULL
249,2021-01-24 05:56:52.000,2021-01-24 05:56:52.000,222,38,NULL,0.00,0,SGD,NULL
251,2021-01-24 08:34:56.000,2021-01-24 08:34:56.000,223,405,NULL,0.00,0,SGD,NULL
252,2021-01-24 13:20:46.000,2021-01-24 13:20:46.000,224,590,NULL,0.00,0,SGD,NULL
253,2021-01-24 13:22:41.000,2021-01-24 13:22:41.000,224,455,NULL,0.00,0,SGD,NULL
254,2021-01-24 13:31:31.000,2021-01-24 13:31:31.000,224,219,NULL,0.00,0,SGD,NULL
255,2021-01-24 13:32:48.000,2021-01-24 13:32:48.000,224,621,NULL,0.00,0,SGD,NULL
256,2021-01-24 14:48:30.000,2021-01-24 14:48:30.000,111,470,NULL,200.00,0,SGD,NULL
261,2021-01-25 06:52:55.000,2021-01-25 06:52:55.000,224,237,NULL,0.00,0,SGD,NULL
271,2021-01-26 08:25:59.000,2021-01-26 08:25:59.000,235,600,NULL,0.00,0,SGD,NULL
272,2021-01-26 15:19:06.000,2021-01-26 15:19:06.000,38,625,NULL,0.00,0,SGD,NULL
275,2021-01-27 02:24:51.000,2021-01-27 02:24:51.000,171,656,NULL,0.00,0,SGD,NULL
281,2021-01-28 10:29:02.000,2021-01-28 10:29:02.000,106,41,NULL,0.00,0,SGD,NULL
283,2021-01-28 11:18:19.000,2021-01-28 11:18:19.000,248,531,NULL,0.00,0,SGD,NULL
284,2021-01-28 11:19:52.000,2021-01-28 11:19:52.000,248,198,NULL,0.00,0,SGD,NULL
285,2021-01-28 11:20:48.000,2021-01-28 11:20:48.000,248,200,NULL,0.00,0,SGD,NULL
286,2021-01-28 11:20:59.000,2021-01-28 11:20:59.000,248,201,NULL,0.00,0,SGD,NULL
287,2021-01-28 11:21:21.000,2021-01-28 11:21:21.000,248,577,NULL,0.00,0,SGD,NULL
305,2021-01-29 10:50:00.000,2021-01-29 10:50:00.000,56,422,NULL,0.00,0,SGD,NULL
306,2021-01-29 15:35:27.000,2021-01-29 15:35:27.000,264,222,NULL,0.00,0,SGD,NULL
307,2021-01-29 17:07:35.000,2021-01-29 17:07:35.000,116,402,NULL,0.00,0,SGD,NULL
308,2021-01-29 20:20:22.000,2021-01-29 20:20:22.000,266,232,NULL,0.00,0,SGD,NULL
311,2021-01-30 13:08:05.000,2021-01-30 13:08:05.000,269,237,NULL,0.00,0,SGD,NULL
312,2021-01-31 08:17:41.000,2021-01-31 08:17:41.000,208,206,NULL,0.00,0,SGD,NULL
317,2021-01-31 17:20:59.000,2021-01-31 17:20:59.000,275,600,NULL,0.00,0,SGD,NULL
321,2021-02-01 03:03:27.000,2021-02-01 03:03:27.000,278,683,NULL,0.00,0,SGD,NULL
332,2021-02-02 05:12:04.000,2021-02-02 05:17:03.000,288,147,58,0.00,0,SGD,NULL
348,2021-02-04 23:42:10.000,2021-02-04 23:42:10.000,268,83,NULL,0.00,0,SGD,NULL
352,2021-02-05 15:49:35.000,2021-02-05 15:49:35.000,183,600,NULL,0.00,0,SGD,NULL
353,2021-02-05 15:51:46.000,2021-02-05 15:51:46.000,183,146,NULL,0.00,0,SGD,NULL
354,2021-02-05 15:51:53.000,2021-02-05 15:51:53.000,183,669,NULL,0.00,0,SGD,NULL
358,2021-02-06 05:54:50.000,2021-02-06 05:54:50.000,311,737,NULL,0.00,0,SGD,NULL
359,2021-02-06 06:50:06.000,2021-02-06 06:50:06.000,312,650,NULL,0.00,0,SGD,NULL
360,2021-02-06 06:51:31.000,2021-02-06 06:51:31.000,312,567,NULL,0.00,0,SGD,NULL
361,2021-02-06 06:52:05.000,2021-02-06 06:52:05.000,312,211,NULL,0.00,0,SGD,NULL
362,2021-02-06 06:52:39.000,2021-02-06 06:52:39.000,312,148,NULL,0.00,0,SGD,NULL
363,2021-02-06 06:53:11.000,2021-02-06 06:53:11.000,312,737,NULL,0.00,0,SGD,NULL
364,2021-02-06 06:54:29.000,2021-02-06 06:54:29.000,312,146,NULL,0.00,0,SGD,NULL
365,2021-02-06 06:54:58.000,2021-02-06 06:54:58.000,312,742,NULL,0.00,0,SGD,NULL
366,2021-02-06 06:55:16.000,2021-02-06 06:55:16.000,312,669,NULL,0.00,0,SGD,NULL
367,2021-02-06 06:55:54.000,2021-02-06 06:55:54.000,312,525,NULL,0.00,0,SGD,NULL
368,2021-02-06 06:59:40.000,2021-02-06 06:59:40.000,312,87,NULL,0.00,0,SGD,NULL
369,2021-02-06 07:00:41.000,2021-03-05 14:10:18.000,312,88,NULL,0.00,1,SGD,NULL
370,2021-02-06 07:01:15.000,2021-02-06 07:01:15.000,312,722,NULL,0.00,0,SGD,NULL
371,2021-02-06 07:01:46.000,2021-02-06 07:01:46.000,312,86,NULL,0.00,0,SGD,NULL
372,2021-02-06 07:05:36.000,2021-02-06 07:05:36.000,312,739,NULL,0.00,0,SGD,NULL
373,2021-02-06 07:07:06.000,2021-02-06 07:07:06.000,312,600,NULL,0.00,0,SGD,NULL
374,2021-02-06 07:10:21.000,2021-02-06 07:10:21.000,312,543,NULL,0.00,0,SGD,NULL
382,2021-02-07 08:25:02.000,2021-02-07 08:25:02.000,321,365,NULL,0.00,0,SGD,NULL
389,2021-02-08 04:15:30.000,2021-02-08 04:15:30.000,173,756,NULL,0.00,0,SGD,NULL
402,2021-02-08 11:14:59.000,2021-02-08 11:14:59.000,134,632,NULL,200.00,0,SGD,NULL
409,2021-02-09 09:28:44.000,2021-02-09 09:28:44.000,336,228,NULL,0.00,0,SGD,NULL
410,2021-02-09 09:39:13.000,2021-02-09 09:39:13.000,336,92,NULL,0.00,0,SGD,NULL
414,2021-02-10 09:43:12.000,2021-02-10 09:43:12.000,153,723,NULL,0.00,0,SGD,NULL
415,2021-02-10 09:43:17.000,2021-02-10 09:43:17.000,153,726,NULL,0.00,0,SGD,NULL
416,2021-02-10 09:43:23.000,2021-02-10 09:43:23.000,153,724,NULL,0.00,0,SGD,NULL
417,2021-02-10 09:51:14.000,2021-02-10 09:51:14.000,153,768,NULL,0.00,0,SGD,NULL
423,2021-02-11 09:39:43.000,2023-09-15 13:50:59.000,347,483,NULL,200.00,1,SGD,NULL
425,2021-02-12 08:32:20.000,2021-02-12 08:32:20.000,349,190,71,0.00,0,SGD,NULL
430,2021-02-14 11:09:41.000,2021-02-14 11:09:41.000,354,308,NULL,0.00,0,SGD,NULL
432,2021-02-14 15:13:10.000,2021-02-14 15:13:10.000,347,559,NULL,200.00,0,SGD,NULL
433,2021-02-14 15:47:48.000,2021-02-14 15:47:48.000,357,732,NULL,0.00,0,SGD,NULL
434,2021-02-14 15:48:08.000,2021-02-14 15:48:08.000,357,729,NULL,0.00,0,SGD,NULL
435,2021-02-14 15:48:51.000,2021-02-14 15:48:51.000,357,589,NULL,0.00,0,SGD,NULL
436,2021-02-14 15:56:04.000,2021-02-14 15:56:04.000,358,530,NULL,0.00,0,SGD,NULL
459,2021-02-17 09:44:32.000,2021-03-05 14:16:44.000,368,216,73,0.00,1,SGD,NULL
472,2021-02-19 04:12:41.000,2021-02-21 06:01:12.000,389,798,NULL,0.00,0,SGD,NULL
477,2021-02-19 08:23:15.000,2021-02-19 08:23:15.000,89,765,NULL,0.00,0,SGD,NULL
485,2021-02-19 21:43:46.000,2021-02-19 21:43:46.000,401,633,NULL,0.00,0,SGD,NULL
497,2021-02-22 11:33:55.000,2021-03-05 14:16:44.000,341,216,NULL,0.00,1,SGD,NULL
498,2021-02-22 11:41:21.000,2021-02-22 11:41:21.000,341,719,NULL,0.00,0,SGD,NULL
504,2021-02-23 22:36:16.000,2021-02-23 22:36:16.000,419,595,81,0.00,0,SGD,NULL
516,2021-02-25 12:36:56.000,2021-02-25 12:36:56.000,381,724,NULL,0.00,0,SGD,NULL
517,2021-02-25 15:56:28.000,2021-02-25 15:56:28.000,430,786,NULL,0.00,0,SGD,NULL
518,2021-02-25 15:57:31.000,2021-02-25 15:57:31.000,430,725,NULL,0.00,0,SGD,NULL
519,2021-02-25 15:58:25.000,2021-02-25 15:58:25.000,430,669,NULL,0.00,0,SGD,NULL
520,2021-02-25 15:58:42.000,2021-02-25 15:58:42.000,430,657,NULL,0.00,0,SGD,NULL
521,2021-02-25 16:10:39.000,2021-02-25 16:10:39.000,385,536,NULL,0.00,0,SGD,NULL
522,2021-02-25 16:14:39.000,2021-02-25 16:14:39.000,385,845,NULL,0.00,0,SGD,NULL
523,2021-02-25 16:15:20.000,2021-02-25 16:15:20.000,385,809,NULL,0.00,0,SGD,NULL
524,2021-02-25 16:16:50.000,2021-02-25 16:16:50.000,385,598,NULL,0.00,0,SGD,NULL
525,2021-02-25 16:17:50.000,2023-11-21 00:55:27.000,385,586,NULL,0.00,1,SGD,NULL
526,2021-02-25 16:18:21.000,2021-02-25 16:18:21.000,385,543,NULL,0.00,0,SGD,NULL
527,2021-02-25 16:18:40.000,2021-02-25 16:18:40.000,385,539,NULL,0.00,0,SGD,NULL
528,2021-02-25 16:19:17.000,2021-02-25 16:19:17.000,385,533,NULL,0.00,0,SGD,NULL
529,2021-02-25 16:21:30.000,2021-02-25 16:21:30.000,385,365,NULL,0.00,0,SGD,NULL
530,2021-02-25 16:22:02.000,2021-02-25 16:22:02.000,385,358,NULL,0.00,0,SGD,NULL
531,2021-02-25 16:24:25.000,2021-02-25 16:24:25.000,385,252,NULL,0.00,0,SGD,NULL
532,2021-02-25 16:25:18.000,2021-02-25 16:25:18.000,385,124,NULL,0.00,0,SGD,NULL
535,2021-02-27 02:08:49.000,2021-02-27 02:08:49.000,438,123,NULL,0.00,0,SGD,NULL
537,2021-02-27 07:34:34.000,2021-02-27 07:35:41.000,440,848,NULL,200.00,0,SGD,NULL
541,2021-02-27 10:48:44.000,2021-02-27 10:48:44.000,443,232,NULL,0.00,0,SGD,NULL
546,2021-02-28 11:08:52.000,2021-02-28 11:08:52.000,226,111,NULL,0.00,0,SGD,NULL
547,2021-03-01 01:46:30.000,2021-03-01 01:46:30.000,310,724,NULL,0.00,0,SGD,NULL
548,2021-03-01 01:46:39.000,2021-03-01 01:46:39.000,310,723,NULL,0.00,0,SGD,NULL
559,2021-03-01 11:05:42.000,2021-03-01 11:05:42.000,458,865,NULL,0.00,0,SGD,NULL
562,2021-03-01 13:10:29.000,2021-03-01 13:13:44.000,460,148,NULL,200.00,0,SGD,NULL
570,2021-03-02 10:14:45.000,2021-03-02 10:14:45.000,484,618,NULL,0.00,0,SGD,NULL
572,2021-03-02 10:36:20.000,2021-03-02 10:36:20.000,431,853,NULL,0.00,0,SGD,NULL
574,2021-03-02 13:23:40.000,2021-03-02 13:23:40.000,418,618,NULL,0.00,0,SGD,NULL
575,2021-03-02 13:23:51.000,2021-03-02 13:23:51.000,418,588,NULL,0.00,0,SGD,NULL
581,2021-03-02 16:52:01.000,2021-03-02 16:52:01.000,179,812,NULL,0.00,0,SGD,NULL
583,2021-03-03 00:52:25.000,2021-03-03 00:52:25.000,486,291,NULL,0.00,0,SGD,NULL
584,2021-03-03 00:58:17.000,2021-03-03 00:58:17.000,486,99,NULL,0.00,0,SGD,NULL
588,2021-03-03 05:48:39.000,2021-03-03 05:50:01.000,487,565,NULL,300.00,0,SGD,NULL
591,2021-03-03 06:17:09.000,2021-03-03 06:17:09.000,160,878,NULL,0.00,0,SGD,NULL
594,2021-03-03 17:22:50.000,2021-03-03 17:22:50.000,431,396,NULL,0.00,0,SGD,NULL
602,2021-03-04 15:13:16.000,2021-03-04 15:13:16.000,431,147,NULL,0.00,0,SGD,NULL
615,2021-03-05 13:55:06.000,2021-03-05 13:59:38.000,512,879,NULL,0.00,0,SGD,NULL
617,2021-03-05 14:53:43.000,2021-03-05 14:53:43.000,514,879,NULL,0.00,0,SGD,NULL
618,2021-03-05 14:54:32.000,2021-03-05 14:54:32.000,514,535,NULL,0.00,0,SGD,NULL
619,2021-03-05 14:55:26.000,2021-03-05 14:55:26.000,514,723,NULL,0.00,0,SGD,NULL
623,2021-03-05 19:36:59.000,2021-03-05 19:36:59.000,516,190,NULL,0.00,0,SGD,NULL
624,2021-03-06 00:01:32.000,2021-03-06 00:01:32.000,517,322,NULL,0.00,0,SGD,NULL
625,2021-03-06 00:02:37.000,2021-03-06 00:02:37.000,517,291,NULL,0.00,0,SGD,NULL
627,2021-03-06 04:48:09.000,2021-03-06 04:48:09.000,305,422,NULL,0.00,0,SGD,NULL
628,2021-03-06 04:48:45.000,2021-03-06 04:48:45.000,305,396,NULL,0.00,0,SGD,NULL
629,2021-03-06 05:50:23.000,2021-03-06 05:50:23.000,169,799,NULL,0.00,0,SGD,NULL
635,2021-03-06 10:05:38.000,2021-03-06 10:05:38.000,522,872,NULL,0.00,0,SGD,NULL
638,2021-03-06 15:43:50.000,2021-03-06 15:43:50.000,526,600,NULL,0.00,0,SGD,NULL
641,2021-03-07 09:27:36.000,2021-03-07 09:27:36.000,531,146,NULL,0.00,0,SGD,NULL
642,2021-03-07 09:29:41.000,2021-03-07 09:29:41.000,531,885,NULL,0.00,0,SGD,NULL
644,2021-03-07 11:16:42.000,2021-03-07 11:16:42.000,534,879,NULL,0.00,0,SGD,NULL
645,2021-03-07 11:18:38.000,2021-03-07 11:18:38.000,426,758,126,0.00,0,SGD,NULL
649,2021-03-08 01:53:33.000,2021-03-08 01:53:33.000,536,889,127,0.00,0,SGD,NULL
652,2021-03-08 04:58:12.000,2021-03-08 04:58:12.000,203,874,NULL,0.00,0,SGD,NULL
653,2021-03-08 04:58:18.000,2021-03-08 04:58:18.000,203,860,NULL,0.00,0,SGD,NULL
654,2021-03-08 04:58:31.000,2021-03-08 04:58:31.000,203,831,NULL,0.00,0,SGD,NULL
655,2021-03-08 04:58:41.000,2021-03-08 04:58:41.000,203,821,NULL,0.00,0,SGD,NULL
656,2021-03-08 04:58:50.000,2021-03-08 04:58:50.000,203,818,NULL,0.00,0,SGD,NULL
657,2021-03-08 04:58:55.000,2021-03-08 04:58:55.000,203,815,NULL,0.00,0,SGD,NULL
658,2021-03-08 04:59:00.000,2021-03-08 04:59:00.000,203,814,NULL,0.00,0,SGD,NULL
659,2021-03-08 05:00:04.000,2021-03-08 05:00:04.000,203,573,NULL,0.00,0,SGD,NULL
660,2021-03-08 05:00:32.000,2021-03-08 05:00:32.000,203,572,NULL,0.00,0,SGD,NULL
661,2021-03-08 05:00:44.000,2021-03-08 05:00:44.000,203,548,NULL,0.00,0,SGD,NULL
662,2021-03-08 05:00:52.000,2021-03-08 05:00:52.000,203,484,NULL,0.00,0,SGD,NULL
663,2021-03-08 05:00:57.000,2023-09-15 13:50:59.000,203,483,NULL,0.00,1,SGD,NULL
664,2021-03-08 05:01:13.000,2021-03-08 05:01:13.000,203,428,NULL,0.00,0,SGD,NULL
665,2021-03-08 05:01:48.000,2021-03-08 05:01:48.000,203,330,NULL,0.00,0,SGD,NULL
668,2021-03-08 06:09:58.000,2021-03-08 06:09:58.000,203,893,NULL,0.00,0,SGD,NULL
669,2021-03-08 06:46:44.000,2021-03-08 06:46:44.000,546,455,NULL,0.00,0,SGD,NULL
670,2021-03-08 06:47:03.000,2021-03-08 06:47:03.000,546,723,NULL,0.00,0,SGD,NULL
672,2021-03-08 11:32:59.000,2021-03-08 11:32:59.000,549,354,NULL,0.00,0,SGD,NULL
674,2021-03-08 17:08:26.000,2021-03-08 17:08:26.000,551,799,NULL,0.00,0,SGD,NULL
675,2021-03-08 18:17:44.000,2021-03-08 18:17:44.000,223,148,NULL,0.00,0,SGD,NULL
680,2021-03-09 11:36:18.000,2021-03-09 11:36:18.000,560,768,NULL,0.00,0,SGD,NULL
681,2021-03-09 11:36:43.000,2021-03-09 11:36:43.000,560,218,NULL,0.00,0,SGD,NULL
682,2021-03-09 11:38:54.000,2021-03-09 11:38:54.000,560,130,NULL,0.00,0,SGD,NULL
684,2021-03-09 12:56:10.000,2021-03-09 12:56:10.000,203,891,NULL,0.00,0,SGD,NULL
685,2021-03-09 13:42:18.000,2021-03-09 13:42:18.000,404,748,NULL,0.00,0,SGD,NULL
686,2021-03-10 05:40:55.000,2021-03-10 09:20:59.000,564,671,NULL,0.00,0,SGD,NULL
688,2021-03-10 08:21:32.000,2021-03-10 08:21:32.000,153,890,NULL,0.00,0,SGD,NULL
693,2021-03-10 15:14:25.000,2021-03-10 15:14:25.000,564,891,NULL,0.00,0,SGD,NULL
710,2021-03-12 05:25:22.000,2021-03-12 05:25:22.000,581,889,NULL,0.00,0,SGD,NULL
718,2021-03-12 12:39:00.000,2021-03-12 12:39:00.000,585,866,NULL,0.00,0,SGD,NULL
719,2021-03-12 12:39:45.000,2021-03-12 12:39:45.000,585,648,NULL,0.00,0,SGD,NULL
720,2021-03-12 12:44:26.000,2021-03-12 12:44:26.000,585,417,NULL,0.00,0,SGD,NULL
721,2021-03-12 13:18:23.000,2021-03-12 13:18:23.000,153,729,NULL,0.00,0,SGD,NULL
723,2021-03-12 16:24:08.000,2021-03-12 16:24:08.000,513,873,NULL,0.00,0,SGD,NULL
724,2021-03-12 16:33:29.000,2021-03-12 17:47:16.000,587,812,139,0.00,0,SGD,NULL
725,2021-03-12 16:43:50.000,2021-03-12 16:43:50.000,203,638,NULL,0.00,0,SGD,NULL
728,2021-03-13 07:48:54.000,2021-03-13 07:48:54.000,404,216,NULL,0.00,0,SGD,NULL
729,2021-03-13 11:03:48.000,2021-03-13 11:03:48.000,381,919,NULL,0.00,0,SGD,NULL
730,2021-03-13 11:05:02.000,2021-03-13 11:05:02.000,381,833,NULL,0.00,0,SGD,NULL
731,2021-03-13 12:59:51.000,2021-03-13 12:59:51.000,546,589,NULL,0.00,0,SGD,NULL
732,2021-03-13 13:00:20.000,2021-03-13 13:00:20.000,546,569,NULL,0.00,0,SGD,NULL
733,2021-03-13 13:04:49.000,2021-03-13 13:04:49.000,546,463,NULL,0.00,0,SGD,NULL
734,2021-03-13 13:06:39.000,2021-03-13 13:06:39.000,546,298,NULL,0.00,0,SGD,NULL
735,2021-03-13 13:08:14.000,2021-03-13 13:08:14.000,546,146,NULL,0.00,0,SGD,NULL
738,2021-03-14 01:16:20.000,2021-03-14 01:16:20.000,594,616,NULL,0.00,0,SGD,NULL
739,2021-03-14 01:17:25.000,2021-03-14 01:17:25.000,594,593,NULL,0.00,0,SGD,NULL
744,2021-03-14 06:24:18.000,2021-03-14 06:24:18.000,597,339,NULL,0.00,0,SGD,NULL
747,2021-03-14 12:54:36.000,2021-03-14 12:54:36.000,503,294,NULL,0.00,0,SGD,NULL
748,2021-03-14 17:10:38.000,2021-03-14 17:10:38.000,203,923,NULL,0.00,0,SGD,NULL
749,2021-03-14 22:32:51.000,2021-03-14 22:32:51.000,594,286,NULL,0.00,0,SGD,NULL
754,2021-03-16 05:45:44.000,2021-03-16 05:45:44.000,203,886,NULL,0.00,0,SGD,NULL
756,2021-03-16 12:51:05.000,2021-03-16 12:51:05.000,612,938,NULL,0.00,0,SGD,NULL
760,2021-03-17 03:52:01.000,2021-03-17 03:52:01.000,548,944,NULL,0.00,0,SGD,NULL
761,2021-03-17 06:56:48.000,2023-09-15 13:50:59.000,615,483,NULL,0.00,1,SGD,NULL
762,2021-03-17 06:58:49.000,2021-03-17 06:58:49.000,596,951,NULL,0.00,0,SGD,NULL
765,2021-03-17 12:35:49.000,2021-03-17 12:35:49.000,611,944,NULL,0.00,0,SGD,NULL
769,2021-03-17 21:39:51.000,2021-03-17 21:39:51.000,617,68,NULL,0.00,0,SGD,NULL
770,2021-03-17 21:43:35.000,2021-03-17 21:43:35.000,617,628,NULL,0.00,0,SGD,NULL
771,2021-03-18 00:33:08.000,2021-03-18 00:33:08.000,619,219,NULL,0.00,0,SGD,NULL
773,2021-03-18 06:10:24.000,2021-03-18 06:10:24.000,621,869,NULL,0.00,0,SGD,NULL
774,2021-03-18 15:11:01.000,2021-03-18 15:11:01.000,435,845,NULL,0.00,0,SGD,NULL
775,2021-03-18 15:15:06.000,2021-03-18 15:15:06.000,435,624,NULL,0.00,0,SGD,NULL
776,2021-03-18 15:15:38.000,2021-03-18 15:15:38.000,435,575,NULL,0.00,0,SGD,NULL
777,2021-03-18 15:15:57.000,2021-03-18 15:15:57.000,435,528,NULL,0.00,0,SGD,NULL
779,2021-03-18 22:47:06.000,2021-03-18 22:47:06.000,624,919,NULL,150.00,0,SGD,NULL
781,2021-03-19 07:10:05.000,2021-03-19 07:10:05.000,627,724,NULL,0.00,0,SGD,NULL
782,2021-03-19 09:34:34.000,2021-03-19 09:34:34.000,628,224,NULL,0.00,0,SGD,NULL
785,2021-03-19 13:38:48.000,2021-03-19 13:38:48.000,632,933,NULL,0.00,0,SGD,NULL
786,2021-03-23 07:47:52.000,2021-03-23 07:47:52.000,568,301,149,0.00,0,SGD,NULL
787,2021-03-23 07:47:59.000,2021-03-23 07:47:59.000,568,298,150,0.00,0,SGD,NULL
788,2021-03-23 07:48:31.000,2021-03-23 07:48:31.000,568,303,147,0.00,0,SGD,NULL
789,2021-03-23 07:48:38.000,2021-03-23 07:48:38.000,568,311,151,0.00,0,SGD,NULL
790,2021-03-23 07:48:48.000,2021-03-23 07:48:48.000,568,139,148,0.00,0,SGD,NULL
853,2021-03-26 04:13:02.000,2021-03-26 04:13:02.000,568,763,NULL,0.00,0,SGD,NULL
854,2021-03-26 04:18:33.000,2021-03-26 04:18:33.000,568,664,170,0.00,0,SGD,NULL
855,2021-03-26 04:19:35.000,2021-03-26 04:19:35.000,568,950,171,0.00,0,SGD,NULL
856,2021-03-26 04:20:00.000,2021-03-26 04:20:00.000,568,942,172,0.00,0,SGD,NULL
857,2021-03-26 04:20:27.000,2021-03-26 04:20:27.000,568,931,173,0.00,0,SGD,NULL
858,2021-03-26 04:22:37.000,2021-03-26 04:22:37.000,568,805,174,0.00,0,SGD,NULL
936,2021-04-02 09:58:08.000,2021-04-02 10:17:14.000,679,957,NULL,0.00,0,SGD,NULL
937,2021-04-02 10:16:55.000,2021-04-02 10:17:14.000,679,657,NULL,0.00,0,SGD,NULL
957,2021-04-06 06:31:30.000,2021-04-08 09:44:55.000,194,983,205,0.00,1,SGD,NULL
1083,2021-09-30 09:25:06.000,2021-09-30 09:25:42.000,745,795,NULL,0.00,0,SGD,NULL
1103,2021-10-01 15:09:52.000,2021-10-01 15:10:07.000,705,901,NULL,0.00,0,SGD,NULL
1109,2021-10-04 13:02:12.000,2021-10-04 13:02:12.000,764,4,NULL,0.00,0,SGD,NULL
1114,2021-10-13 02:37:56.000,2021-10-13 02:37:56.000,16,987,NULL,0.00,0,SGD,NULL
1128,2021-11-18 07:17:39.000,2021-11-18 07:17:39.000,540,192,NULL,0.00,0,SGD,NULL
1138,2022-02-18 09:51:01.000,2022-02-18 09:51:01.000,761,839,232,0.00,0,SGD,NULL
1153,2022-11-28 08:40:33.000,2022-11-28 08:40:33.000,567,367,NULL,0.00,0,SGD,NULL
1308,2023-02-09 11:31:31.000,2023-02-09 11:31:31.000,918,1006,NULL,0.00,0,SGD,NULL
1406,2023-02-27 02:20:50.000,2023-02-27 02:21:01.000,1116,761,NULL,0.00,0,SGD,NULL
1451,2023-03-14 09:21:21.000,2023-03-14 09:28:47.000,1132,736,NULL,350.00,0,SGD,NULL
1452,2023-03-14 09:28:34.000,2023-03-14 09:28:47.000,1132,380,NULL,350.00,0,SGD,NULL
1496,2023-04-03 07:45:02.000,2023-04-03 07:45:02.000,66,775,NULL,0.00,0,SGD,NULL
1509,2023-07-06 10:19:52.000,2023-07-06 10:19:52.000,1186,231,NULL,0.00,0,SGD,NULL
1564,2023-08-14 08:23:50.000,2023-08-14 08:23:50.000,1211,1023,NULL,0.00,0,SGD,NULL
1569,2023-08-14 09:44:17.000,2023-08-14 09:44:17.000,1196,1147,333,0.00,0,SGD,NULL
1570,2023-08-14 09:55:51.000,2023-08-14 09:55:51.000,1196,1149,337,0.00,0,SGD,NULL
1571,2023-08-14 11:05:55.000,2023-08-14 11:05:55.000,1215,1023,NULL,0.00,0,SGD,NULL
1576,2023-08-24 04:07:40.000,2023-08-24 04:07:40.000,1219,1023,NULL,0.00,0,SGD,NULL
1577,2023-08-25 06:28:16.000,2023-08-25 06:28:16.000,1116,1056,NULL,0.00,0,SGD,NULL
1588,2023-08-27 05:45:46.000,2023-08-27 05:45:46.000,1223,1023,360,0.00,0,SGD,NULL
1601,2023-09-12 10:58:54.000,2023-09-12 10:58:54.000,1224,1042,NULL,0.00,0,SGD,NULL
1602,2023-09-12 11:02:40.000,2023-09-12 11:02:40.000,1224,1213,NULL,0.00,0,SGD,NULL
1700,2023-10-20 03:50:24.000,2023-10-20 03:50:24.000,1269,1136,NULL,0.00,0,SGD,NULL
1772,2023-11-20 02:31:22.000,2023-11-20 02:31:22.000,1305,1132,NULL,0.00,0,SGD,NULL
1773,2023-11-20 02:32:02.000,2023-11-21 01:21:21.000,1305,145,NULL,0.00,1,SGD,NULL
1788,2024-01-25 14:34:09.000,2024-01-25 14:34:09.000,1289,155,NULL,0.00,0,SGD,NULL
1869,2024-05-27 08:38:26.000,2024-05-28 06:38:37.733,1342,1386,NULL,2000000.00,0,,NULL
1882,2024-05-28 03:22:29.266,2024-05-28 06:38:37.739,1342,1388,NULL,2000000.00,0,,NULL
1905,2024-05-30 09:05:18.331,2024-05-30 09:38:10.748,1349,1394,NULL,4000000.00,0,,NULL
1906,2024-05-30 09:11:13.931,2024-05-30 09:38:10.754,1349,1393,NULL,4000000.00,0,,NULL
1910,2024-05-31 07:57:03.958,2024-05-31 07:57:03.958,1350,1395,NULL,0.00,0,,NULL
1915,2024-05-31 10:40:29.966,2024-05-31 10:40:29.966,1350,316,NULL,0.00,0,,NULL
1982,2024-06-06 07:16:25.247,2024-06-06 07:16:25.247,1351,1422,NULL,0.00,0,,NULL
1988,2024-06-06 08:47:24.862,2024-06-06 08:47:24.862,1346,1427,NULL,0.00,0,,NULL
2002,2024-06-07 03:04:43.173,2024-06-07 03:04:43.173,1353,1427,NULL,0.00,0,,NULL
2003,2024-06-07 09:49:57.444,2024-06-07 09:49:57.444,1354,637,NULL,0.00,0,,NULL
2007,2024-06-11 07:54:44.647,2024-06-11 07:54:44.647,1346,903,NULL,0.00,0,,NULL
2023,2024-06-26 04:05:49.949,2024-06-26 04:05:49.949,1346,902,NULL,0.00,0,,NULL
2025,2024-06-26 04:22:51.128,2024-06-26 04:22:51.128,1346,1409,NULL,0.00,0,,NULL
2034,2024-07-04 09:10:11.464,2024-07-04 09:10:11.464,1346,1299,NULL,0.00,0,,NULL
2107,2024-09-13 05:37:31.572,2024-09-13 05:37:31.572,1369,1372,NULL,0.00,0,,NULL
2112,2024-09-25 07:05:41.252,2024-09-25 07:05:41.252,1402,1447,NULL,0.00,0,,NULL
2133,2024-12-02 07:30:58.939,2024-12-02 07:30:58.939,1314,1520,NULL,0.00,0,,NULL
2147,2025-04-03 07:00:53.534,2025-04-03 07:00:53.534,1331,592,NULL,0.00,0,,NULL
2214,2025-08-25 06:43:41.161,2025-08-25 06:43:41.161,1368,1602,NULL,0.00,0,,NULL
2215,2025-08-28 07:11:48.756,2025-08-28 07:11:48.756,1408,1463,NULL,0.00,0,,NULL
2216,2025-08-28 07:25:52.830,2025-08-28 07:25:52.830,1356,1477,NULL,0.00,0,,NULL
2230,2025-09-09 10:23:03.025,2025-09-09 10:23:03.025,1368,7026,NULL,0.00,0,,NULL
2234,2025-09-18 10:24:40.785,2025-09-18 10:24:40.785,1410,7091,NULL,0.00,0,,NULL
2245,2025-09-25 10:13:20.856,2025-09-25 10:13:20.856,1331,875,NULL,0.00,0,,NULL
2247,2025-09-26 03:22:30.738,2025-09-26 03:22:30.738,1406,1516,NULL,0.00,0,,NULL
2251,2025-09-27 06:04:08.396,2025-09-27 06:04:08.396,1413,7081,NULL,0.00,0,,NULL
2252,2025-09-27 07:17:19.616,2025-09-27 07:17:19.616,1413,7026,NULL,0.00,0,,NULL
2253,2025-09-27 07:21:45.760,2025-09-27 07:21:45.760,1413,1500,NULL,0.00,0,,NULL
2254,2025-09-27 07:27:14.500,2025-09-27 07:27:14.500,1413,727,NULL,0.00,0,,NULL
2266,2025-09-30 05:05:10.768,2025-09-30 05:05:10.768,1368,7091,NULL,0.00,0,,NULL
2268,2025-09-30 06:24:33.754,2025-09-30 06:24:33.754,1368,7010,NULL,0.00,0,,NULL
2278,2025-10-08 08:44:22.830,2025-10-08 08:44:22.830,1414,7091,NULL,0.00,0,,NULL
2279,2025-10-08 11:23:34.356,2025-10-08 11:23:34.356,1414,7026,NULL,0.00,0,,NULL
2311,2025-11-05 07:40:02.240,2025-11-05 07:40:02.240,1338,7089,NULL,0.00,0,,NULL
2318,2025-11-05 08:55:22.061,2025-11-05 08:55:22.061,1338,1599,NULL,0.00,0,,NULL
2329,2025-11-10 03:32:37.294,2025-11-10 03:32:37.294,1416,7009,NULL,0.00,0,,NULL
2330,2025-11-10 03:32:40.316,2025-11-10 03:32:40.316,1416,1548,NULL,0.00,0,,NULL
2331,2025-11-10 03:33:10.973,2025-11-10 03:33:10.973,1416,7010,NULL,0.00,0,,NULL
2333,2025-11-10 08:52:36.900,2025-11-10 08:52:36.900,1338,7008,NULL,0.00,0,,NULL
2334,2025-11-10 08:52:40.825,2025-11-10 08:52:40.825,1338,7101,NULL,0.00,0,,NULL
2335,2025-11-10 08:52:46.914,2025-11-10 08:52:46.914,1338,7009,NULL,0.00,0,,NULL
2336,2025-11-10 08:53:00.129,2025-11-10 08:53:00.129,1338,7103,NULL,0.00,0,,NULL
2337,2025-11-10 08:53:09.050,2025-11-10 08:53:09.050,1338,7096,NULL,0.00,0,,NULL
2338,2025-11-10 08:53:18.072,2025-11-10 08:53:18.072,1338,7026,NULL,0.00,0,,NULL
2339,2025-11-10 08:53:25.723,2025-11-10 08:53:25.723,1338,7098,NULL,0.00,0,,NULL
2340,2025-11-10 09:54:56.866,2025-11-10 09:54:56.866,1416,903,NULL,0.00,0,,NULL
2341,2025-11-11 09:03:04.568,2025-11-11 09:03:04.568,1416,1447,NULL,0.00,0,,NULL
2344,2025-12-11 09:43:37.494,2025-12-11 09:43:37.494,1333,35,NULL,0.00,0,,NULL
2346,2025-12-11 09:44:32.001,2025-12-11 09:44:32.001,1333,7080,NULL,0.00,0,,NULL
2347,2025-12-11 10:15:50.951,2025-12-11 10:15:50.951,1333,1548,NULL,0.00,0,,NULL
2348,2025-12-12 02:57:29.054,2025-12-12 02:57:29.054,1333,246,NULL,0.00,0,,NULL
2349,2025-12-16 01:39:08.425,2025-12-16 01:39:08.425,1338,1366,NULL,0.00,0,,NULL
2350,2026-01-30 08:50:56.231,2026-01-30 08:50:56.231,1406,859,NULL,0.00,0,,NULL
2351,2026-01-30 10:46:04.426,2026-01-30 10:46:04.426,1406,1434,NULL,0.00,0,,NULL
